run_id,timestamp_start,timestamp_end,duration_seconds,program_number,program_name,completion_status,total_steps,completed_steps,successful_steps,failed_steps,error_message,safety_code,safety_message,hardware_mode,repeat_rows,repeat_lines
b003d7c5-1cbf-41f6-ba36-0452610fd7d4,2026-02-15T01:22:03.342834,2026-02-15T01:22:03.343112,0.0,1,Test Program,success,5,5,5,0,,,,mock,2,3
a99398e0-06c9-42bc-bf7d-eec080578623,2026-02-15T16:02:29.216730,2026-02-15T16:02:51.741880,22.53,1,ספר 60,user_stop,329,36,35,1,,,,mock,1,1
816388bc-e600-4d70-a0d2-ab787f6d8aaa,2026-02-15T17:10:11.633939,2026-02-15T17:11:41.918677,90.28,4,ספר 48,user_stop,284,6,5,1,,,,real,1,1
5d4c290c-8436-4637-b08e-ad215ff7f241,2026-02-15T17:14:25.679493,2026-02-15T17:27:26.567308,780.89,7,ספר 30,success,284,284,282,2,,,,real,1,1
d60b63b6-3526-4b12-828b-e0e4fd941436,2026-02-15T17:52:12.901720,2026-02-15T17:52:22.558208,9.66,1,ספר 60,user_stop,329,6,2,4,,,,mock,1,1
b7000335-f8ca-4b6a-97b1-7f738756aef8,2026-02-15T17:52:28.136400,2026-02-15T17:52:52.757725,24.62,14,"תפילין ראש חב""ד 60",success,59,59,42,17,,,,mock,1,1
cc0c6161-30b4-4f9d-a39b-87125930f056,2026-02-15T17:57:29.230141,2026-02-15T17:57:55.696923,26.47,15,"תפילין ראש חב""ד 70",success,59,59,42,17,,,,mock,1,1
48129fc7-9f95-4e47-98f2-c3f179e253e0,2026-02-15T18:29:22.421159,2026-02-15T18:29:48.768604,26.35,14,"תפילין ראש חב""ד 60",success,59,59,42,17,,,,mock,1,1
9b20c5d0-ef83-4ff3-9e2a-1ee26676e8f9,2026-02-15T18:53:44.996492,2026-02-15T18:54:12.558283,27.56,15,"תפילין ראש חב""ד 70",success,59,59,57,2,,,,mock,1,1
17fc7b40-2476-4f73-97a3-0e242045ffa2,2026-02-15T19:14:28.180206,2026-02-15T19:14:52.200591,24.02,14,"תפילין ראש חב""ד 60",success,49,49,47,2,,,,mock,1,1
14f97f28-2c05-44aa-b62c-fb00f80feffa,2026-02-15T19:18:15.413542,2026-02-15T19:18:30.888677,15.48,15,"תפילין ראש חב""ד 70",success,49,49,47,2,,,,mock,1,1
4dd4988d-ba91-451a-b0a1-eadf6b7e0555,2026-02-15T19:36:21.939682,2026-02-15T19:36:39.929097,17.99,14,"תפילין ראש חב""ד 60",success,49,49,49,0,,,,mock,1,1
6be04461-2ddd-4d0d-8124-98c11be2de95,2026-02-15T19:54:23.283328,2026-02-15T19:54:39.036924,15.75,14,"תפילין ראש חב""ד 60",success,49,49,49,0,,,,mock,1,1
52fb2d35-980e-44ca-a389-55ea37d2a126,2026-02-15T19:58:36.070366,2026-02-15T19:58:51.122767,15.05,14,"תפילין ראש חב""ד 60",success,49,49,49,0,,,,mock,1,1
38a65f62-0c36-4bb2-9b68-3c7359326a08,2026-02-15T21:04:53.178107,2026-02-15T21:06:21.696638,88.52,14,"תפילין ראש חב""ד 60",emergency_stop,49,37,37,0,,ROWS_MONITOR_DOOR_OPEN,"ROWS LEFT MOVEMENT BLOCKED!
   Row motor door is OPEN (limit switch UP)
   Left movement blocked until door is closed
   Right movement is allowed
   NOTE: Initial move to start position is allowed with door open",real,1,1
7441aa75-cc6c-4720-8d04-5497ace4b35e,2026-02-16T08:34:57.358652,2026-02-16T08:55:05.258517,1207.9,9,מזוזה 12,success,669,669,669,0,,,,real,5,5
43f89ed6-a0f7-4ef1-b035-a8547598c2d7,2026-02-20T01:45:58.180932,2026-02-20T01:46:18.449133,20.27,14,"תפילין ראש חב""ד 60",success,49,49,49,0,,,,mock,1,1
607159f0-82e0-45fd-bf01-18f80189efca,2026-02-20T02:01:59.938401,2026-02-20T02:02:06.280875,6.34,1,ספר 60,user_stop,329,6,6,0,,,,mock,1,1
7ba2457c-e737-463e-bcf3-751c8378b294,2026-02-20T02:02:14.989333,2026-02-20T02:02:48.736695,33.75,13,"תפילין יד חב""ד",emergency_stop,64,53,53,0,,ROWS_MONITOR_DOOR_OPEN,"ROWS LEFT MOVEMENT BLOCKED!
   Row motor door is OPEN (limit switch UP)
   Left movement blocked until door is closed
   Right movement is allowed
   NOTE: Initial move to start position is allowed with door open",mock,1,1
e83e4296-88d0-4c12-993a-dda8cd528c96,2026-02-20T02:03:33.801244,2026-02-20T02:03:58.161075,24.36,13,"תפילין יד חב""ד",success,64,64,64,0,,,,mock,1,1
b4d7a647-48f4-4548-9aec-ee086dcd0b11,2026-02-20T02:24:49.674022,2026-02-20T02:25:10.958232,21.28,13,"תפילין יד חב""ד",success,64,64,64,0,,,,mock,1,1
0b44df22-c10a-4f36-98e8-ecf876a64e38,2026-02-20T02:48:42.654720,2026-02-20T02:49:59.394593,76.74,13,"תפילין יד חב""ד",success,64,64,64,0,,,,mock,1,1
91f6177b-376b-4bfd-a185-52f57418a31e,2026-02-20T02:50:22.971556,2026-02-20T02:50:23.351258,0.38,13,"תפילין יד חב""ד",emergency_stop,64,3,3,0,,LINES_MONITOR_DOOR_OPENED,"LINES OPERATION EMERGENCY STOP!
   Row marker changed to DOWN during lines operation
   IMMEDIATE ACTION: Close the rows door (set marker UP)",mock,1,1
45045a3a-e0ef-4725-8a3e-99523fa1fd8f,2026-02-20T02:53:50.752022,2026-02-20T02:53:57.660149,6.91,1,ספר 60,user_stop,329,6,6,0,,,,mock,1,1
ae3e7f61-d7a4-4105-b714-51129007a004,2026-02-20T02:54:01.339003,2026-02-20T02:54:21.750628,20.41,13,"תפילין יד חב""ד",success,64,65,65,0,,,,mock,1,1
aac59dc7-b02e-47d2-b4aa-2da5d67527be,2026-02-20T02:58:41.288107,2026-02-20T02:59:21.722256,40.43,13,"תפילין יד חב""ד",success,64,64,64,0,,,,mock,1,1
fb20ae45-3cbb-4fce-a122-bccb4e84265e,2026-02-20T03:01:00.247581,2026-02-20T03:01:00.546772,0.3,13,"תפילין יד חב""ד",emergency_stop,64,3,3,0,,LINES_MONITOR_DOOR_OPENED,"LINES OPERATION EMERGENCY STOP!
   Row marker changed to DOWN during lines operation
   IMMEDIATE ACTION: Close the rows door (set marker UP)",mock,1,1
34629684-ec24-4a8d-877c-d2702797e898,2026-02-20T03:06:35.726217,2026-02-20T03:06:43.189178,7.46,1,ספר 60,user_stop,329,6,6,0,,,,mock,1,1
7897de17-c15f-444b-a2ad-fe84db8e50c9,2026-02-20T03:06:53.312486,2026-02-20T03:07:14.568013,21.26,13,"תפילין יד חב""ד",success,64,64,64,0,,,,mock,1,1
62a194a0-40ae-4d72-a9ea-6f09a1b704d1,2026-02-20T03:07:16.595513,2026-02-20T03:07:39.375689,22.78,13,"תפילין יד חב""ד",success,64,64,64,0,,,,mock,1,1
c9789e5d-1705-4428-8237-5580a225cfe2,2026-02-20T03:07:41.567771,2026-02-20T03:08:01.172222,19.6,13,"תפילין יד חב""ד",success,64,64,64,0,,,,mock,1,1
f6c6fab8-430f-4b6f-b073-1c8aab5be2c0,2026-02-20T03:13:09.690055,2026-02-20T03:14:48.870426,99.18,14,"תפילין ראש חב""ד 60",success,49,49,49,0,,,,mock,1,1
e05a5682-6f19-4bc1-b075-5cf5fa96f261,2026-02-20T03:15:04.240249,2026-02-20T03:15:26.300189,22.06,16,"תפילין ראש חב""ד 80",user_stop,524,41,41,0,,,,mock,1,20
f3ffe992-a0ce-4194-88ed-f2eaa672c411,2026-02-20T03:15:41.735740,2026-02-20T03:16:16.599657,34.86,15,"תפילין ראש חב""ד 70",success,49,50,50,0,,,,mock,1,1
c0804f30-1f96-470c-96dd-41f4d2c8e884,2026-02-20T03:16:23.498605,2026-02-20T03:16:36.509859,13.01,15,"תפילין ראש חב""ד 70",success,49,49,49,0,,,,mock,1,1
c389683b-a6e9-4647-9574-b72749c19ffb,2026-02-20T03:16:38.686203,2026-02-20T03:16:52.756431,14.07,15,"תפילין ראש חב""ד 70",success,49,49,49,0,,,,mock,1,1
2aaa5c2c-ad9d-4761-b6c7-29677b41bc72,2026-02-20T03:20:30.979012,2026-02-20T03:20:54.979313,24.0,13,"תפילין יד חב""ד",success,64,64,64,0,,,,mock,1,1
ebd7d72d-9830-43e1-bac2-45b41d4e769e,2026-02-20T11:24:13.701070,2026-02-20T11:26:54.719341,161.02,14,"תפילין ראש חב""ד 60",emergency_stop,49,48,48,0,,ROWS_MONITOR_DOOR_OPEN,"ROWS LEFT MOVEMENT BLOCKED!
   Row motor door is OPEN (limit switch UP)
   Left movement blocked until door is closed
   Right movement is allowed
   NOTE: Initial move to start position is allowed with door open",real,1,1
130f4d0c-05a0-4772-bd7f-df6aae7c0efc,2026-02-20T13:48:43.342185,2026-02-20T13:51:38.877856,175.54,8,מזוזה 10,success,149,149,149,0,,,,real,1,1
c2826068-ffe1-4e7d-b558-5d77f8834d38,2026-02-20T13:53:47.606688,2026-02-20T13:56:15.396107,147.79,14,"תפילין ראש חב""ד 60",success,49,49,49,0,,,,real,1,1
aaf6884c-d472-4236-b135-be83f89dba0f,2026-02-20T14:00:28.480421,2026-02-20T14:02:39.611700,131.13,14,"תפילין ראש חב""ד 60",success,47,47,47,0,,,,real,1,1
06e34a1a-d829-4a60-96b1-eb72a5c9db93,2026-02-20T14:07:55.901530,2026-02-20T14:10:23.715824,147.81,14,"תפילין ראש חב""ד 60",success,49,49,49,0,,,,real,1,1
b79d8afd-95cd-4b61-a7bc-a873284a0e58,2026-02-20T14:10:30.321416,2026-02-20T14:10:31.202772,0.88,14,"תפילין ראש חב""ד 60",emergency_stop,49,3,3,0,,LINES_MONITOR_DOOR_OPENED,"LINES OPERATION EMERGENCY STOP!
   Row marker changed to DOWN during lines operation
   IMMEDIATE ACTION: Close the rows door (set marker UP)",real,1,1
b7c69014-33cd-483b-849c-9367fffcb5cc,2026-02-20T14:11:57.326744,2026-02-20T14:12:09.572851,12.25,14,"תפילין ראש חב""ד 60",user_stop,49,1,1,0,,,,real,1,1
57b2ccd9-b521-4e80-80de-439b999cecaa,2026-02-22T16:26:01.881447,2026-02-22T16:28:58.806494,176.93,14,"תפילין ראש חב""ד 60",emergency_stop,49,48,48,0,,ROWS_MONITOR_DOOR_OPEN,"ROWS LEFT MOVEMENT BLOCKED!
   Row motor door is OPEN (limit switch UP)
   Left movement blocked until door is closed
   Right movement is allowed
   NOTE: Initial move to start position is allowed with door open",real,1,1
71ff519f-90eb-4310-810b-c1d86fdf29bf,2026-03-02T16:05:58.177304,2026-03-02T16:06:05.580613,7.4,1,ספר 60,emergency_stop,329,16,16,0,,LINES_DOOR_SAFETY,Lines operation blocked! Row marker/door is down and blocks the Y-axis path. Raise the row marker and close the door.,mock,1,1
44924e18-922b-4708-8e67-6bcd2ea4a512,2026-03-02T16:06:43.834148,2026-03-02T16:07:15.167920,31.33,14,"תפילין ראש חב""ד 60",success,49,49,49,0,,,,mock,1,1
19cd66ef-709f-4a6b-ba3c-703f8583323c,2026-03-02T16:07:17.225125,2026-03-02T16:07:31.616330,14.39,14,"תפילין ראש חב""ד 60",user_stop,49,6,6,0,,,,mock,1,1
fe6635e1-8536-4f52-bb6c-36c5192a768b,2026-03-02T16:25:38.391370,2026-03-02T16:25:46.057906,7.67,1,ספר 60,emergency_stop,329,11,11,0,,LINES_DOOR_SAFETY,Lines operation blocked! Row marker/door is down and blocks the Y-axis path. Raise the row marker and close the door.,mock,1,1
8c4fae4b-da47-463a-baf6-51744c71f5b8,2026-03-02T16:59:51.863138,2026-03-03T06:18:29.412678,47917.55,1,ספר 60,user_stop,329,277,277,0,,,,real,1,1
d896f1fb-3cda-4d91-a050-6dd49ddd61fc,2026-03-03T22:37:52.936297,2026-03-04T12:10:40.556190,48767.62,1,ספר 60,emergency_stop,329,277,277,0,,ROWS_MONITOR_DOOR_OPEN,"ROWS LEFT MOVEMENT BLOCKED!
   Row motor door is OPEN (limit switch UP)
   Left movement blocked until door is closed
   Right movement is allowed
   NOTE: Initial move to start position is allowed with door open",mock,1,1
a21cca2d-20a7-4f3b-9f28-df1f9a089cfd,2026-03-06T00:29:53.045478,2026-03-06T00:30:21.713687,28.67,1,ספר 60,emergency_stop,329,41,41,0,,LINES_DOOR_SAFETY,Lines operation blocked! Row marker/door is down and blocks the Y-axis path. Raise the row marker and close the door.,mock,1,1
f8ea0b2b-dec6-486b-b2c9-719b2b19175e,2026-03-06T00:50:44.882732,2026-03-06T00:51:04.995586,20.11,1,ספר 60,emergency_stop,329,15,15,0,,LINES_DOOR_SAFETY,Lines operation blocked! Row marker/door is down and blocks the Y-axis path. Raise the row marker and close the door.,mock,1,1
02e9c23d-7beb-451d-a6cf-0187559fe7a2,2026-03-06T01:17:12.885907,2026-03-06T01:17:22.800683,9.91,1,ספר 60,emergency_stop,329,26,26,0,,LINE_TOOLS_UP_FOR_LINES,Tool manually lowered during lines execution: line_cutter. Raise the tool to continue.,mock,1,1
7c09febe-8c59-4067-a6d0-dbada5e01451,2026-03-06T01:45:05.788388,2026-03-06T01:45:18.408081,12.62,1,ספר 60,emergency_stop,329,21,21,0,,LINES_DOOR_SAFETY,Lines operation blocked! Row tools/door are down and block the Y-axis path. Raise all row tools and close the door.,mock,1,1
de2289e3-9570-449a-80ed-fe49ef885d64,2026-03-08T11:42:42.200889,2026-03-08T11:42:50.401662,8.2,1,ספר 60,emergency_stop,329,13,13,0,,LINES_DOOR_SAFETY,Lines operation blocked! Row tools/door are down and block the Y-axis path. Raise all row tools and close the door.,mock,1,1
2b33b5e5-0cc8-4094-ac44-4f99864b0bfc,2026-03-08T11:53:50.030380,2026-03-08T11:54:17.321993,27.29,1,ספר 60,emergency_stop,329,13,13,0,,LINE_TOOLS_UP_FOR_LINES,Tool manually lowered during lines execution: line_cutter. Raise the tool to continue.,mock,1,1
d36ce1cc-187b-4d05-9c17-90af13a79597,2026-03-08T12:13:45.019903,2026-03-08T12:14:46.011167,60.99,1,ספר 60,emergency_stop,329,36,36,0,,LINE_TOOLS_UP_FOR_LINES,Tool manually lowered during lines execution: line_cutter. Raise the tool to continue.,mock,1,1
da2772ce-949a-40ef-b3f8-6af3d10289b9,2026-03-08T12:38:18.376221,2026-03-08T12:43:41.124532,322.75,1,ספר 60,emergency_stop,329,35,35,0,,ALL_TOOLS_UP_FOR_END_DIVISION,"🚨 SAFETY VIOLATION: End Division: All Tools Must Be Up
   Operation: move_y
   Description: Move to line position: 52.5cm
   Rule message: End division blocked! One or more tools are still down. Raise all tools (line cutter, line marker, row cutter, row marker) before returning to home position.",mock,1,1
e0bcae4a-8994-4b30-8ed4-0cc924200814,2026-03-08T12:53:35.586428,2026-03-08T12:53:38.180757,2.59,1,ספר 60,emergency_stop,329,7,7,0,,LINE_TOOLS_UP_FOR_LINES,Lines motor blocked! Line cutter or line marker is down. Raise all line tools before moving the lines motor.,mock,1,1
5b2dae43-5c11-4f74-9fd0-2e8f6ac6a344,2026-03-08T12:55:45.715532,2026-03-08T12:56:21.561557,35.85,1,ספר 60,emergency_stop,329,51,51,0,,LINE_TOOLS_UP_FOR_LINES,Lines motor blocked! Line cutter or line marker is down. Raise all line tools before moving the lines motor.,mock,1,1
8defa3fe-1d73-48ee-ab2d-35642bde85b1,2026-03-08T13:11:17.983297,2026-03-08T13:11:32.619320,14.64,1,ספר 60,emergency_stop,329,21,21,0,,LINE_TOOLS_UP_FOR_LINES,Tool manually lowered during lines execution: line_marker. Raise the tool to continue.,mock,1,1
fdfad322-0e4a-45a0-9ed8-b81a0b134854,2026-03-08T13:21:34.588153,2026-03-08T13:21:51.562100,16.97,1,ספר 60,user_stop,329,21,21,0,,,,mock,1,1
16a411ff-35f5-4da1-8e51-1d3fa5971f3f,2026-03-08T13:31:24.733213,2026-03-08T13:32:30.755182,66.02,1,ספר 60,emergency_stop,329,6,6,0,,LINE_TOOLS_UP_FOR_LINES,Tool manually lowered during lines execution: line_marker. Raise the tool to continue.,real,1,1
ddff8cd5-4298-46bb-bc76-4af0a0b3f6f7,2026-03-08T13:44:19.854686,2026-03-08T13:45:17.900624,58.05,1,ספר 60,emergency_stop,329,6,6,0,,LINES_DOOR_SAFETY,Lines operation blocked! Row door is down and block the Y-axis path. Close the door.,real,1,1
803607bc-139b-4da4-a39c-14526a700907,2026-03-08T13:48:28.750897,2026-03-08T13:49:42.337777,73.59,1,ספר 60,emergency_stop,329,10,10,0,,LINES_DOOR_SAFETY,Lines operation blocked! Row door is down and block the Y-axis path. Close the door.,real,1,1
f24bdade-6af4-4db2-b2ba-baf8a93de4df,2026-03-08T14:14:01.699711,2026-03-08T14:17:50.246385,228.55,8,מזוזה 10,emergency_stop,149,148,148,0,,ROWS_MONITOR_DOOR_OPEN,"ROWS LEFT MOVEMENT BLOCKED!
   Row motor door is OPEN (limit switch UP)
   Left movement blocked until door is closed
   Right movement is allowed
   NOTE: Initial move to start position is allowed with door open",real,1,1
19500c8b-9167-4a58-8cc3-2a0f66b93ed3,2026-03-08T14:47:00.794146,2026-03-08T14:47:15.870239,15.08,8,מזוזה 10,user_stop,149,1,1,0,,,,real,1,1
32f4844e-5801-4529-90a6-f51f1a535c9b,2026-03-08T14:47:23.261286,2026-03-08T14:47:33.394794,10.13,8,מזוזה 10,error,149,1,1,0,Movement to X=0.0 did not complete,,,real,1,1
2ac0c675-3763-4ff5-b8dc-59e0aff407c5,2026-03-08T14:47:44.784170,2026-03-08T14:47:54.912207,10.13,8,מזוזה 10,error,149,1,1,0,Movement to X=0.0 did not complete,,,real,1,1
ac32b38a-e957-4b67-b3d1-135eb63285e8,2026-03-08T14:49:54.914297,2026-03-08T14:50:11.285351,16.37,8,מזוזה 10,user_stop,149,1,1,0,,,,real,1,1
69b37f3c-a685-4174-be2b-a25261a85892,2026-03-08T14:52:07.595096,2026-03-08T14:54:26.399016,138.8,8,מזוזה 10,emergency_stop,149,148,148,0,,ROWS_MONITOR_DOOR_OPEN,"ROWS LEFT MOVEMENT BLOCKED!
   Row motor door is OPEN (limit switch UP)
   Left movement blocked until door is closed
   Right movement is allowed
   NOTE: Initial move to start position is allowed with door open",real,1,1
52ea6d1b-8d4e-4c0c-9c3a-dae190549fb1,2026-03-08T14:54:37.713032,2026-03-08T14:54:47.839636,10.13,8,מזוזה 10,error,149,1,1,0,Movement to X=0.0 did not complete,,,real,1,1
925fa49f-1730-45c6-b0e4-54b420f2ba12,2026-03-08T14:54:56.899941,2026-03-08T14:55:07.044808,10.14,8,מזוזה 10,error,149,1,1,0,Movement to X=0.0 did not complete,,,real,1,1
6e6d8516-ab26-418e-9159-0673f2c81cbc,2026-03-08T14:55:37.565148,2026-03-08T14:55:47.729609,10.16,9,מזוזה 12,error,149,1,1,0,Movement to X=0.0 did not complete,,,real,1,1
eceac61f-f0ea-4a77-91c6-2a64bba7dd0f,2026-03-08T14:55:52.184758,2026-03-08T14:56:02.470132,10.29,1,ספר 60,error,329,1,1,0,Movement to X=0.0 did not complete,,,real,1,1
a0dc2b3f-b681-43e1-b025-74fd40a34237,2026-03-08T15:09:07.052403,2026-03-08T15:25:00.816882,953.76,8,מזוזה 10,user_stop,149,13,13,0,,,,real,1,1
51cbc4e4-e3f8-427e-b7ff-a67112705708,2026-03-08T17:56:51.783892,2026-03-08T17:56:53.027060,1.24,13,"תפילין יד חב""ד",emergency_stop,264,3,3,0,,LINES_DOOR_SAFETY,Lines operation blocked! Row door is down and block the Y-axis path. Close the door.,real,1,6
1aebc1cb-d518-40b2-baf5-860dd92bb30d,2026-03-08T18:12:25.599950,2026-03-08T18:22:03.805065,578.21,13,"תפילין יד חב""ד",success,264,264,264,0,,,,real,1,6
5262bebb-4089-473e-be30-ea6c7570aeb6,2026-03-10T19:37:12.713505,2026-03-10T19:41:41.151946,268.44,9,מזוזה 12,success,149,149,149,0,,,,real,1,1
dd12a3ad-39e4-4c48-b1b0-b68409a86247,2026-03-10T19:47:14.869580,2026-03-10T19:51:27.266490,252.4,10,מזוזה 15,success,149,149,149,0,,,,real,1,1
61357fb9-c0f9-477a-99d4-350b03a3129c,2026-03-10T19:57:34.361843,2026-03-10T19:57:59.775386,25.41,10,מזוזה 15,emergency_stop,164,15,15,0,,LINE_TOOLS_UP_FOR_LINES,Tool manually lowered during lines execution: line_marker. Raise the tool to continue.,real,2,1
bf7d2486-d3e5-47bd-8c4f-40442af1d8ef,2026-03-12T13:33:12.156048,2026-03-12T13:34:57.297746,105.14,17,check,success,39,39,39,0,,,,real,1,1
4e29e4b0-bfa0-4c15-a8d5-5094d5965f31,2026-03-12T13:35:04.492090,2026-03-12T13:35:04.807672,0.32,17,check,emergency_stop,39,3,3,0,,LINES_DOOR_SAFETY,Lines operation blocked! Row door is down and block the Y-axis path. Close the door.,real,1,1
96754c9f-77ae-4d62-b0ac-7a26d56cd5bc,2026-03-12T13:45:18.131630,2026-03-12T13:45:29.712410,11.58,1,ספר 60,user_stop,329,4,4,0,,,,real,1,1
e720eae9-3417-4051-93a0-f2585429460e,2026-03-12T13:47:45.119808,2026-03-12T13:47:55.704355,10.58,1,ספר 60,error,329,1,1,0,Movement to X=0.0 did not complete,,,real,1,1
e1d493b2-c525-4734-87ca-20431ec808b6,2026-03-12T13:52:51.286672,2026-03-12T13:53:35.183901,43.9,17,check,user_stop,39,11,11,0,,,,real,1,1
5bcbd44e-5ef1-434b-ad69-28508d7e2dbe,2026-03-12T14:16:19.819364,2026-03-12T14:16:47.003465,27.18,17,check,user_stop,39,6,6,0,,,,real,1,1
59705b38-b6be-468f-8dde-a679b7452c38,2026-03-12T14:22:25.121579,2026-03-12T14:27:40.101260,314.98,17,check,error,39,6,6,0,Sensor timeout: x_left,,,real,1,1
4d3c3005-c66e-446b-a3cc-e630fb87b06e,2026-03-12T14:27:59.810367,2026-03-12T14:29:36.628915,96.82,17,check,user_stop,39,6,6,0,,,,real,1,1
420b3668-f976-4501-8d85-1ecea2264e70,2026-03-12T14:34:21.392954,2026-03-12T14:34:45.986611,24.59,17,check,user_stop,39,6,6,0,,,,real,1,1
6fe235e2-5166-4003-9c00-3b1fa06f04af,2026-03-12T14:34:51.940264,2026-03-12T14:35:08.135025,16.19,17,check,user_stop,39,2,2,0,,,,real,1,1
70ccb8bb-ebfd-4442-8b9f-317e254534c6,2026-03-12T14:35:15.222453,2026-03-12T14:35:23.720900,8.5,17,check,user_stop,39,4,4,0,,,,real,1,1
2fe7c093-9f0a-4bea-bb71-e2003b95f0b9,2026-03-12T14:46:10.386502,2026-03-12T14:46:36.491560,26.11,17,check,user_stop,39,6,6,0,,,,real,1,1
ffc46516-0c43-4030-b54a-74cff68240e8,2026-03-12T14:46:52.137966,2026-03-12T14:48:15.471825,83.33,17,check,user_stop,39,6,6,0,,,,real,1,1
05f1eee7-d972-43e8-a656-40c24b828a16,2026-03-12T14:48:59.782348,2026-03-12T14:54:20.856077,321.07,17,check,error,39,6,6,0,Sensor timeout: x_left,,,real,1,1
dd9160a3-458c-4ef0-b5aa-7f25b004fc33,2026-03-12T14:54:40.535369,2026-03-12T15:00:26.394595,345.86,17,check,error,39,6,6,0,Sensor timeout: x_left,,,real,1,1
d43feedd-d71f-4001-8fcc-438d0b87b869,2026-03-12T15:13:52.995042,2026-03-12T15:14:53.874128,60.88,17,check,user_stop,39,6,6,0,,,,real,1,1
9dd3a28e-2546-427b-a579-60d7193a28d0,2026-03-12T15:20:50.675038,2026-03-12T15:21:24.065584,33.39,17,check,user_stop,39,6,6,0,,,,real,1,1
9cfc00ad-5c4d-41fe-aa28-20ea4190c51f,2026-03-12T15:28:56.879511,2026-03-12T15:29:28.533901,31.65,17,check,user_stop,39,6,6,0,,,,real,1,1
429b513e-a9cd-4159-a136-06c19a2b38ac,2026-03-12T15:31:49.081154,2026-03-12T15:32:20.214421,31.13,17,check,user_stop,39,6,6,0,,,,real,1,1
93008e32-a0b5-4681-8692-58d42ab0c257,2026-03-12T15:42:34.057860,2026-03-12T15:42:35.860383,1.8,17,check,emergency_stop,39,4,4,0,,LINES_DOOR_SAFETY,Lines operation blocked! Row door is down and block the Y-axis path. Close the door.,real,1,1
05632374-889d-47d2-bdd8-7ab602a98b06,2026-03-12T15:48:15.350680,2026-03-12T15:48:19.801173,4.45,17,check,emergency_stop,39,4,4,0,,LINES_DOOR_SAFETY,Lines operation blocked! Row door is down and block the Y-axis path. Close the door.,real,1,1
32128814-2255-4dd1-a313-bf333a0d394e,2026-03-12T15:51:51.250401,2026-03-12T15:52:08.320795,17.07,17,check,emergency_stop,39,4,4,0,,LINES_DOOR_SAFETY,Lines operation blocked! Row door is down and block the Y-axis path. Close the door.,real,1,1
a81c67b9-4fdf-4862-9a95-01c3c8143fd6,2026-03-12T16:02:18.448522,2026-03-12T16:02:48.333823,29.89,17,check,user_stop,39,6,6,0,,,,real,1,1
8b30d50c-0ff2-43d5-a63e-bb32b67c8288,2026-03-12T16:17:26.633695,2026-03-12T16:20:09.502379,162.87,17,check,emergency_stop,39,18,18,0,,ROWS_MONITOR_DOOR_OPEN,"ROWS LEFT MOVEMENT BLOCKED!
   Row motor door is OPEN (limit switch UP)
   Left movement blocked until door is closed
   Right movement is allowed
   NOTE: Initial move to start position is allowed with door open",real,1,1
632a373c-64ae-4c1b-8679-3a6bffd2f572,2026-03-12T16:48:06.937273,2026-03-12T16:48:10.430290,3.49,17,check,emergency_stop,39,4,4,0,,LINES_DOOR_SAFETY,Lines operation blocked! Row door is down and block the Y-axis path. Close the door.,real,1,1
9460c775-159b-4d62-bbbc-2c3d788517ec,2026-03-12T16:52:19.498399,2026-03-12T16:54:09.311933,109.81,17,check,success,39,39,39,0,,,,real,1,1
41341bd6-cd77-4755-a3c3-6bede72b7b96,2026-03-12T16:56:52.664860,2026-03-12T16:57:10.138661,17.47,9,מזוזה 12,user_stop,149,4,4,0,,,,real,1,1
c087a717-9ce2-4834-b969-82c70ac4db6c,2026-03-27T01:29:28.015152,2026-03-27T01:29:36.763665,8.75,1,ספר 60,user_stop,331,7,7,0,,,,mock,1,1
24a222a5-6ca8-4e8f-b019-d10fb0567172,2026-03-27T01:40:03.983919,2026-03-27T01:40:40.878573,36.89,17,check,success,41,41,41,0,,,,mock,1,1
f7962385-6ecc-4c6a-82f0-1830e2acb06c,2026-03-27T01:40:50.759789,2026-03-27T01:45:55.977424,305.22,17,check,user_stop,41,19,19,0,,,,mock,1,1
07439890-5a2e-4f9c-bdea-09b1cb9b04d0,2026-03-27T03:33:32.294276,2026-03-27T03:38:53.026204,320.73,11,מזוזה 20,user_stop,181,26,26,0,,,,mock,3,1
4f64c2b4-84a2-4cd6-be62-21eec6ba528f,2026-03-27T04:14:11.578951,2026-03-27T04:19:38.896606,327.32,17,check,user_stop,154,59,59,0,,,,mock,1,1
13d6df0b-94af-49e1-b7df-99bea88f5636,2026-04-15T07:10:50.624364,2026-04-15T07:13:17.619443,147.0,10,מזוזה 15,user_stop,326,6,6,0,,,,real,5,2
5d99d8e3-ac7f-4bb4-b9bb-a154a5e44d78,2026-04-15T07:17:48.130156,2026-04-15T07:18:44.956095,56.83,10,מזוזה 15,user_stop,326,6,6,0,,,,real,5,2
9f8c36d8-19f7-4b46-a1e7-111f29f2522f,2026-04-15T07:20:22.548510,2026-04-15T07:21:23.710854,61.16,10,מזוזה 15,user_stop,326,6,6,0,,,,real,5,2
2706b35f-0a68-4c29-a0c3-ed41c5ffee4d,2026-04-15T07:22:33.255286,2026-04-15T07:24:00.165890,86.91,10,מזוזה 15,emergency_stop,326,15,15,0,,LINE_TOOLS_UP_FOR_LINES,Tool manually lowered during lines execution: line_marker. Raise the tool to continue.,real,5,2
c6363d3c-943b-407b-a034-9e4d3104eb6d,2026-04-17T11:58:36.954728,2026-04-17T12:04:12.808887,335.85,10,מזוזה 15,user_stop,296,6,6,0,,,,real,3,2
bb9adf59-1778-4b85-b0aa-449cf6d3f5ac,2026-04-17T12:25:10.173772,2026-04-17T12:30:45.822069,335.65,10,מזוזה 15,user_stop,296,6,6,0,,,,real,3,2
a5f8146a-79e8-4889-a767-56e74de9f122,2026-04-17T12:33:35.927950,2026-04-17T12:34:41.044186,65.12,10,מזוזה 15,user_stop,296,11,11,0,,,,real,3,2
49340dda-1d26-4b33-8079-3ece3047eb74,2026-04-17T12:39:14.491865,2026-04-17T12:40:24.528140,70.04,10,מזוזה 15,user_stop,296,11,11,0,,,,real,3,2
8f6379ee-5357-449d-accc-406d72a9afcd,2026-04-17T13:07:04.251561,2026-04-17T13:10:34.825325,210.57,10,מזוזה 15,user_stop,296,26,26,0,,,,real,3,2
32fac313-6a76-451a-9e8f-b585739783dd,2026-04-17T13:16:32.801304,2026-04-17T13:17:18.724155,45.92,10,מזוזה 15,emergency_stop,296,14,14,0,,LINE_TOOLS_UP_FOR_LINES,Tool manually lowered during lines execution: line_marker. Raise the tool to continue.,real,3,2
3e883c08-222e-4533-88da-007354b4c553,2026-04-17T13:33:04.384481,2026-04-17T13:33:53.766768,49.38,10,מזוזה 15,emergency_stop,296,15,15,0,,LINE_TOOLS_UP_FOR_LINES,Tool manually lowered during lines execution: line_marker. Raise the tool to continue.,real,3,2
67c98888-02a9-4369-8a90-b54f79bf240c,2026-04-17T13:35:07.233169,2026-04-17T13:35:50.901224,43.67,10,מזוזה 15,emergency_stop,296,15,15,0,,LINE_TOOLS_UP_FOR_LINES,Tool manually lowered during lines execution: line_marker. Raise the tool to continue.,real,3,2
059f7199-8b40-4114-9c88-59358e195bd1,2026-04-17T13:44:57.577625,2026-04-17T13:45:49.610590,52.03,17,check,emergency_stop,91,15,15,0,,LINE_TOOLS_UP_FOR_LINES,Tool manually lowered during lines execution: line_marker. Raise the tool to continue.,real,1,1
32913931-4f33-44ab-97df-3916e27a86b3,2026-04-17T13:59:42.594249,2026-04-17T14:04:44.537323,301.94,10,מזוזה 15,emergency_stop,296,1,1,0,,ALL_TOOLS_UP_FOR_END_DIVISION,"🚨 SAFETY VIOLATION: End Division: All Tools Must Be Up
   Operation: move_x
   Description: Init: Move rows motor to home position (X=0)
   Rule message: End division blocked! One or more tools are still down. Raise all tools (line cutter, line marker, row cutter, row marker) before returning to home position.",real,3,2
f9964fcd-c0da-41e0-ac65-c60dfc18bb45,2026-05-10T14:28:45.334409,2026-05-10T14:29:46.438738,61.1,10,מזוזה 15,user_stop,166,6,6,0,,,,real,2,1
544ee0b9-9d40-4646-99fb-5669d1bfd1cb,2026-05-10T14:31:25.051882,2026-05-10T14:32:34.726981,69.68,10,מזוזה 15,user_stop,166,6,6,0,,,,real,2,1
9c161cfc-ef64-4e1e-8709-bda779001f12,2026-05-10T14:39:33.529683,2026-05-10T14:44:14.550745,281.02,10,מזוזה 15,success,166,166,166,0,,,,real,2,1
c8a39718-5fde-497c-9908-ed896f457967,2026-05-10T15:12:35.943197,2026-05-10T15:16:41.283251,245.34,9,מזוזה 12,success,151,151,151,0,,,,real,1,1
f042ad12-1e6b-4fa8-adde-acd0aae8184d,2026-05-10T16:59:17.472609,2026-05-10T17:04:53.677478,336.2,10,מזוזה 15,success,181,181,181,0,,,,real,3,1
f5bb215f-cbf2-4ef1-bb67-859311e83775,2026-05-10T17:28:25.697428,2026-05-10T17:31:07.631256,161.93,9,מזוזה 12,user_stop,298,47,47,0,,,,real,1,1
b0fcf6f8-ab07-45b9-8821-15efb177d02d,2026-05-11T17:46:32.696123,2026-05-11T17:47:44.661639,71.97,9,מזוזה 12,user_stop,341,23,23,0,,,,real,6,2
e066e06f-b5a1-4186-a8e5-3e8e7c0c2f5f,2026-05-11T18:17:29.996837,2026-05-11T18:25:45.176999,495.18,9,מזוזה 12,success,341,341,341,0,,,,real,6,2
c5541c24-30b6-4e45-ac52-e451d03721d1,2026-05-11T18:53:02.165074,2026-05-11T18:56:47.841715,225.68,10,מזוזה 15,success,166,166,166,0,,,,real,2,1
26c38a8c-9279-4a23-a846-d9c3e5209596,2026-05-11T19:12:42.452564,2026-05-11T19:16:50.039444,247.59,10,מזוזה 15,success,181,181,181,0,,,,real,3,1
800e2082-c7d8-4a7a-b0d5-5b6c0bfd3d28,2026-05-12T13:05:38.532345,2026-05-12T13:07:32.813306,114.28,9,מזוזה 12,emergency_stop,151,80,80,0,,LINE_TOOLS_UP_FOR_LINES,Tool manually lowered during lines execution: line_marker. Raise the tool to continue.,real,1,1
1d3c4682-92b0-41b0-8cf7-51dfe5618912,2026-05-12T21:40:13.382715,2026-05-12T21:44:16.848947,243.47,9,מזוזה 12,success,181,181,181,0,,,,real,3,1
98e20517-0cc7-4584-ad18-c979262a219c,2026-05-12T21:55:02.338611,2026-05-12T21:58:43.653661,221.32,10,מזוזה 15,success,151,151,151,0,,,,real,1,1
aa2f605c-4803-4d33-b832-298a690fa74f,2026-05-14T17:39:15.293142,2026-05-14T17:44:01.951802,286.66,9,מזוזה 12,user_stop,211,194,194,0,,,,real,5,1
07fa6a6b-d954-4b56-a74c-61a90b215530,2026-05-14T18:24:42.453083,2026-05-14T18:26:13.008503,90.56,1,ספר 60,user_stop,331,26,26,0,,,,real,1,1
26aa99e0-a8f2-4da7-ae5a-05995d266e4a,2026-05-14T18:29:33.837317,2026-05-14T18:32:07.874993,154.04,17,check,user_stop,56,44,44,0,,,,real,1,1
3ad49f41-2174-4b4e-a873-4581536f54c1,2026-05-14T18:46:36.692574,2026-05-14T18:49:07.047506,150.35,17,check,success,51,51,51,0,,,,real,1,1
4f05bc3e-02fb-42e4-8da2-c82ecd37b3b5,2026-05-14T18:55:59.189105,2026-05-14T19:00:22.922203,263.73,9,מזוזה 12,user_stop,298,125,125,0,,,,real,1,1
575a8366-2dc6-41ee-bc46-faf04dd6e7b0,2026-05-14T19:02:38.553710,2026-05-14T19:04:57.244823,138.69,9,מזוזה 12,success,151,151,151,0,,,,real,1,1
3a5381ee-7995-4fa3-80f2-571cb7621dc8,2026-05-14T19:05:05.140845,2026-05-14T19:07:23.799830,138.66,9,מזוזה 12,success,151,151,151,0,,,,real,1,1
d14b79bf-a5d2-4a86-a0b1-f4c41c316add,2026-05-14T19:08:14.099987,2026-05-14T19:10:32.968891,138.87,10,מזוזה 15,success,151,151,151,0,,,,real,1,1
bb1955d6-9917-4515-8e90-a8c4ade899b6,2026-05-14T19:17:09.596995,2026-05-14T19:18:52.772420,103.18,17,check,success,41,41,41,0,,,,real,1,1
2b64c322-1a2e-4f80-874d-04837d8fc101,2026-05-14T19:33:11.059963,2026-05-14T19:35:03.856413,112.8,17,check,success,41,41,41,0,,,,real,1,1
ef5adb02-d3d0-4e0c-8a57-a558e3ff372d,2026-05-14T19:50:34.275616,2026-05-14T19:51:15.289424,41.01,17,check,user_stop,71,16,16,0,,,,real,1,1
e274dd1a-4f67-40fd-bcf7-b69ba3822cb6,2026-05-14T20:34:49.409679,2026-05-14T20:35:25.934369,36.52,17,check,user_stop,71,11,11,0,,,,real,1,1
33ecfcb9-cf84-4d4e-97ca-1257e1186753,2026-05-14T20:40:24.419299,2026-05-14T20:42:20.983829,116.56,9,מזוזה 12,user_stop,151,129,129,0,,,,real,1,1
c208b049-a22b-4d72-8de2-2f554c0cc97f,2026-05-17T11:29:21.082783,2026-05-17T11:30:29.598778,68.52,9,מזוזה 12,user_stop,166,6,6,0,,,,real,2,1
b51a0de8-8dd6-4f5d-abc3-e784bda3f116,2026-05-17T11:31:32.685043,2026-05-17T11:33:14.445235,101.76,9,מזוזה 12,emergency_stop,281,105,105,0,,LINE_TOOLS_UP_FOR_LINES,Tool manually lowered during lines execution: line_marker. Raise the tool to continue.,real,2,2
3941485d-39f5-406e-a201-d0ea71929e8a,2026-05-18T10:06:47.826263,2026-05-18T10:09:52.313241,184.49,10,מזוזה 15,success,151,151,151,0,,,,real,1,1
110cece8-b3de-4fd8-80d9-31fd1d7a4083,2026-05-18T10:16:07.827939,2026-05-18T10:20:07.231070,239.4,10,מזוזה 15,success,181,181,181,0,,,,real,3,1
d4d3eb2b-48c6-4689-91a8-42037e85a0cb,2026-05-18T16:46:47.729363,2026-05-18T16:50:19.622091,211.89,9,מזוזה 12,success,151,151,151,0,,,,real,1,1
18b20829-58ff-4717-96dd-199bc123ebc1,2026-05-18T16:57:25.201275,2026-05-18T17:04:58.438773,453.24,2,ספר 56,success,286,286,286,0,,,,real,1,1
a574e2c9-5743-4060-a483-ed8c68542d7e,2026-05-18T17:16:43.172994,2026-05-18T17:23:27.018485,403.85,2,ספר 56,success,286,286,286,0,,,,real,1,1
fe4e519b-1dc3-4b58-9a2c-793a2b537f33,2026-05-18T20:38:58.345205,2026-05-18T20:45:51.038131,412.69,5,ספר 45,success,286,286,286,0,,,,real,1,1
32c2070e-e9da-457d-9631-f2319a96fe17,2026-05-18T20:58:02.443738,2026-05-18T21:02:25.657655,263.21,8,מזוזה 10,user_stop,456,76,76,0,,,,real,6,3
a7ccb21e-96a0-417f-82a5-736a14174b09,2026-05-18T21:03:22.815122,2026-05-18T21:03:31.416011,8.6,9,מזוזה 12,user_stop,211,4,4,0,,,,real,5,1
09298d82-6d21-4bd0-b6e7-5ced4dea1840,2026-05-18T21:04:11.191353,2026-05-18T21:12:46.342182,515.15,9,מזוזה 12,success,358,358,358,0,,,,real,5,1
38f30713-e260-48f7-9249-086960f045ac,2026-05-19T10:30:08.054472,2026-05-19T10:33:23.303871,195.25,11,מזוזה 20,success,151,151,151,0,,,,real,1,1
33a83077-673e-44ef-8caf-bf474eabf6bb,2026-05-19T17:41:24.788561,2026-05-19T17:48:05.279708,400.49,10,מזוזה 15,success,311,311,311,0,,,,real,4,2
d61edea8-48b2-48cf-a25f-3bff4af097e2,2026-05-19T18:05:35.932300,2026-05-19T18:10:48.707475,312.78,13,"תפילין יד חב""ד",success,146,146,146,0,,,,real,1,3
b04e0623-1d5b-4488-80f9-0896eae536e1,2026-05-19T18:51:28.120668,2026-05-19T18:56:35.295175,307.17,11,מזוזה 20,success,196,196,196,0,,,,real,4,1
dcdc4ab7-3c2b-44af-856e-d24e36172e35,2026-05-20T12:20:19.080371,2026-05-20T12:24:32.065921,252.99,9,מזוזה 12,user_stop,575,221,221,0,,,,real,2,2
3b775162-b36f-48d2-b1b5-85150bfa3b0b,2026-05-25T16:41:48.848940,2026-05-25T16:43:11.555527,82.71,1,ספר 60,user_stop,341,6,6,0,,,,real,1,1
7a72c597-ba94-4543-9f3a-303dad02d916,2026-05-25T16:46:00.503473,2026-05-25T16:46:10.821689,10.32,1,ספר 60,error,341,1,1,0,Movement to X=0.0 did not complete,,,real,1,1
17c39c13-a12a-48eb-af14-92c1555db758,2026-05-25T17:53:41.048761,2026-05-25T17:54:50.867529,69.82,1,ספר 60,user_stop,347,18,18,0,,,,real,1,1
a3456299-56f7-4ac8-9e5f-cd5244156483,2026-05-25T18:20:09.130354,2026-05-25T18:23:00.055842,170.93,1,ספר 60,emergency_stop,347,82,82,0,,LINE_TOOLS_UP_FOR_LINES,Tool manually lowered during lines execution: line_marker. Raise the tool to continue.,real,1,1
738a6539-c4a4-4475-bf92-255d98413066,2026-05-25T19:00:22.873336,2026-05-25T19:10:17.840533,594.97,1,ספר 60,success,347,347,347,0,,,,real,1,1
